labels,Srotura,St_experimental,error_abs,error_rel
TPF1,259.663105626476,279.1033333333333,19.440227706857286,6.965243830907533
TPF2,163.13998662925047,153.36,9.779986629250459,6.37714308114923
TPF3,154.22820900762042,137.11333333333334,17.114875674287077,12.482284004196341
TPF4,137.75769963353724,184.39666666666668,46.63896703312943,25.292738679185867
TPF5,128.7686346444288,99.99000000000001,28.77863464442879,28.78151279570836
TPF6,131.39361621819546,104.51333333333334,26.880282884862126,25.71947714951406
