Variable,x,unit
S_fibra,1219.3776677549583,MPa
S_matrix,1063.1473522832425,MPa
