Variable,x,unit
S_fibra,1123.4783777828216,MPa
S_matrix,804.1616127364297,MPa
