Name,Et [GPa],Eb [GPa],St [MPa],Sb [MPa]
TFP1,2.9971452213487795,4.112087068038066,197.54458129708848,271.03141760584765
TFP2,2.0518618121638394,2.260051458433384,135.24008769284185,185.39716436322047
TFP3,1.92215556474969,2.005925990171619,119.32334922254459,124.5236399328564
TFP4,1.949669011170873,2.0598313925301754,128.50446676265304,164.043403675541
TFP5,1.7805497925311202,1.5239520466348218,110.53276259145427,113.19567701348109
TFP6,1.8889522821576763,1.6723005868969785,124.50257165086295,133.18074539402687
