Name,Et [GPa],Eb [GPa],St [MPa],Sb [MPa]
TFP1,3.0417707902358297,4.120185845117954,194.83253742908582,263.9075453878943
TFP2,2.039495242035582,2.1564890449134055,130.63444305398582,171.9133814039152
TFP3,2.0139470417873397,2.1064340284376035,128.99802104050283,167.92304017826365
TFP4,2.0139470417873397,2.1064340284376035,128.99802104050283,155.8086231339659
TFP5,1.8720470262793913,1.6125939278733457,119.9089929745529,119.28027946002325
TFP6,1.893399031811895,1.6418140948946793,121.27663889660971,121.44163553853069
