Name,Et [GPa],Eb [GPa],St [MPa],Sb [MPa]
TFP1,2.9971452213487795,4.112087068038066,197.56507951266676,271.05954118377673
TFP2,2.0518618121638394,2.260051458433384,135.254120881979,185.4164021019515
TFP3,1.92215556474969,2.005925990171619,119.30536518694137,124.5048721259805
TFP4,1.949669011170873,2.0598313925301754,128.51780103001275,140.09136967148342
TFP5,1.7805497925311202,1.5239520466348218,110.51610344510347,103.64563347318001
TFP6,1.8889522821576763,1.6723005868969785,124.51549066153382,113.73497878049805
