Variable,x,unit
r,0.2,mm
tn,2.2354298421515817,mm
tl,0.5994563715270983,mm
En,0.7700184352372774,GPa
EX,0.7867908725453427,GPa
ESX,3.6256254296335504,GPa
EY,51.8625700756138,GPa
ESY,3.2444627271472246,GPa
SX,6.747204664385212,MPa
SSX,29.26104865593979,MPa
SY,3721.2884175705804,MPa
SSY,33.06494815543872,MPa
