Name,t [mm],Et [GPa],Eb [GPa],St [MPa],Sb [MPa],Vc
TFP2,4.633255328259975,13.995195030163869,15.849647427241912,120.01720975869668,135.92025375686435,0.07594193548020971
TFP3,4.633255328259975,14.72977896408962,17.532337193131653,118.87846312988479,141.4968483692535,0.05966866359159335
TFP4,4.633255328259975,14.631148349368143,17.306406951085254,149.10886711026097,176.37294575971615,0.05966866359159335
TFP5,5.832168071314172,12.36875441436763,10.40814366193961,99.82352886595942,105.73628004625274,0.06463996130101703
TFP6,5.832168071314172,11.785178138050073,9.564473553850927,101.06498648925228,97.47340277513848,0.07756795356122044
