Name,t [mm],Et [GPa],Eb [GPa],St [MPa],Sb [MPa],Vc
TFP2,5.076929518050047,3.590764695077381,4.598760573509266,111.40525905896627,142.67883210067026,0.06930535000556773
TFP3,5.076929518050047,3.5915081715022583,4.6005312126769535,113.58678009666473,145.4986323930882,0.054454203575803224
TFP4,5.076929518050047,3.6744115391463166,4.797971165003608,131.12804494537014,171.2243094896644,0.054454203575803224
TFP5,6.207418543776633,3.125973877104143,2.9858537942805485,98.86356661636891,106.55561206616733,0.060732350456492876
TFP6,6.207418543776633,3.125365801882404,2.984885069561732,96.96602712232017,106.52104136631095,0.07287882054779146
