Variable,x,unit
S_fibra,1609.1757127787503,MPa
S_matrix,893.8539621783527,MPa
