Variable,x,unit
S_fibra,1280.658465846619,MPa
S_matrix,1063.0920959207785,MPa
