Variable,x,unit
S_fibra,1769.802125749807,MPa
S_matrix,875.0541854682592,MPa
