Variable,x,unit
S_fibra,1678.045229806553,MPa
S_matrix,893.8291535168295,MPa
