Name,Et [GPa],Eb [GPa],St [MPa],Sb [MPa]
TFP1,3.0396538208595825,5.146050572116021,207.7727282459161,351.75353184055746
TFP2,2.031432720403369,2.6768686285630396,138.8567065334014,227.72929399334924
TFP3,2.0020706536037958,2.604959515438848,136.84968958824118,221.61176869206068
TFP4,2.0274072907002645,2.6670101577043663,125.07325011321011,164.53113789179227
TFP5,1.8742553765124856,2.0300993042896063,115.62512010184533,125.23932374356171
TFP6,1.8987948355216728,2.0720770408639346,117.13898951939035,127.82898195867743
