Name,Et [GPa],Eb [GPa],St [MPa],Sb [MPa]
TFP1,3.0396577568479923,5.146058347031354,203.4026469971004,344.35517848335354
TFP2,2.0314338986532388,2.676869649644115,120.65361500909222,158.98819073158313
TFP3,2.0020720294953107,2.6049610205538136,133.97125033591988,216.9504555016141
TFP4,2.0274086452148903,2.667011610466302,135.6666828864103,222.11825019774977
TFP5,1.8742560137011606,2.03009888356776,125.4182756194135,202.30106438874284
TFP6,1.8987953075305906,2.072076337581975,112.77576797736259,147.25329886463385
