Name,Et [GPa],Eb [GPa],St [MPa],Sb [MPa]
TFP1,3.0398527099710386,4.117154756586285,194.72353182514286,263.73215802314513
TFP2,2.037123189904841,2.152568517242821,130.4917902765595,171.61304836788594
TFP3,2.0133849813818787,2.106059706165035,128.97119429911922,167.90514370371835
TFP4,2.014839263549855,2.1089089917182733,129.06435110210833,153.8494417790277
TFP5,1.8731244813278007,1.6155121901465233,119.98654189918406,117.85508507825642
TFP6,1.8929637793914245,1.6426622207196533,121.25738577106274,119.83573813837556
