Name,Et [GPa],Eb [GPa],St [MPa],Sb [MPa]
TFP1,3.039654951831973,5.146052806171019,207.76843960166804,351.7462931118376
TFP2,2.031432540757941,2.676867652851995,138.85377644424838,227.72442568989405
TFP3,2.002070638401833,2.6049589424577544,136.84681291288163,221.60706319751137
TFP4,2.027407242367737,2.6670095035849277,125.07504664681382,164.53346476103567
TFP5,1.874254850806055,2.0300976697379993,115.62675124846187,125.24102480936709
TFP6,1.8987941723809907,2.0720751712142835,117.14063396848303,127.83070577999008
