Variable,x
S_X,73.90647033539439
S_SX,214.92800061301946
S_Y,426.56624481044946
S_SY,652.6570292529996
