Variable,x
X,667.9009513373205
SX,219.5470646823933
Y,435.73084864328814
SY,75.50250438979499
