vfrac,E
0.110528368249464,2599.6359849794253
