Eb [GPa],Eb pred [GPa],Et [GPa],Et pred [GPa],Name
13.201050433333334,2.335601416531039,2.885509223333333,3.2529035932744708,TFP1-1
9.869500666333332,1.403094242857905,2.258502544,1.7966359967369967,TFP2-1
9.222003430000001,1.4614436633124708,2.0004365616666666,1.8596230596977081,TFP3-1
10.181815286333332,1.5244349361637788,2.4513617530000005,1.93166245240751,TFP4-1
6.14310539,1.1214526375754714,1.6265822796666667,1.7993580398149678,TFP5-1
7.798059885666667,1.0932693082578557,1.7398699316666668,1.7465670292042434,TFP6-1
