E [GPa],E pred [GPa],Name
13.201050433333334,13.866182339159035,TFP1-1
9.869500666333332,10.01173908869681,TFP2-1
9.222003430000001,8.991417647046735,TFP3-1
10.181815286333332,9.061292279405958,TFP4-1
6.14310539,7.602354962060253,TFP5-1
7.798059885666667,8.143301214889382,TFP6-1
