Eb [GPa],Eb pred [GPa],Et [GPa],Et pred [GPa],Name
13.201050433333334,12.054056724587499,2.885509223333333,8.118666485984601,TFP1-1
9.869500666333332,7.292985528176881,2.258502544,5.245107515446601,TFP2-1
9.222003430000001,6.4743461205707,2.0004365616666666,4.819198087874796,TFP3-1
10.181815286333332,7.485393335719553,2.4513617530000005,5.348217828871065,TFP4-1
6.14310539,5.681276084411245,1.6265822796666667,4.964186438827139,TFP5-1
7.798059885666667,6.134948580410623,1.7398699316666668,5.32554156177035,TFP6-1
