Eb [GPa],Eb pred [GPa],Et [GPa],Et pred [GPa],Name
13.201050433333334,12.108981797776561,2.885509223333333,8.118666485995366,TFP1
9.869500666333332,7.272977711523317,2.258502544,5.245107515429822,TFP2
9.222003430000001,6.448461299127639,2.0004365616666666,4.8191980878542555,TFP3
10.181815286333332,7.466634317217963,2.4513617530000005,5.348217828852728,TFP4
6.14310539,5.66777678774642,1.6265822796666667,4.964186438834713,TFP5
7.798059885666667,6.127003473189639,1.7398699316666668,5.3255415617906765,TFP6
