vfrac,E
0.024442020819347092,1678.1886830177768
0.03326885491821474,1715.6026587564509
0.04345301317283831,1759.7451521737094
0.054995192085211274,1810.8904972094572
0.06789599357693947,1870.5682778537303
