vfrac,E
0.03556134795818532,9440.156339974179
0.04840385929011054,11489.66607983312
0.06322101744326529,13855.818069281908
0.0800141342861045,16539.468297723706
0.09878359554392922,19542.632527168887
