Name,t [mm],Et [GPa],Eb [GPa],St [MPa],Sb [MPa],Vc
TFP1,4.831726361168362,8.14754957805037,15.18193453991828,178.24334648964788,178.24334648964788,0.1737285563026804
TFP2,4.831726361168362,5.756970994892293,9.352627323156403,119.86024445661326,119.86024445661326,0.1737285563026804
TFP3,4.831726361168362,5.188813107981081,7.967202516891962,113.51528503336965,127.616035507336,0.13650100852353458
TFP4,4.831726361168362,5.381190851451613,8.436306095522568,117.72390758223844,117.72390758223844,0.13650100852353458
TFP5,5.800952069284854,5.21133279361875,6.851183321500686,114.00793562465206,114.00793562465206,0.15503776088631635
TFP6,5.800952069284854,5.684562602571997,7.651740064580445,118.3527003658195,124.36074856741253,0.18604531306357963
