Variable,x,unit
r,0.3075712900793761,mm
tn,3.0570076948482745,mm
tl,0.4565792350696726,mm
En,0.7751741374600563,GPa
EX,1.5560232059309795,GPa
ESX,0.7801599657866514,GPa
EY,7.010395873257089,GPa
ESY,0.7801710893010849,GPa
SX,96.7012604133389,MPa
SSX,48.536413327229155,MPa
SY,646.6845903804387,MPa
SSY,328.37187896561386,MPa
