vfrac,E
0.1486735968636379,2975.487123873576
