Name,t [mm],Et [GPa],Eb [GPa],St [MPa],Sb [MPa],Vc
TFP1,5.458127869787658,3.0691200327562855,5.066600975937973,181.0135190824636,181.0135190824636,0.09034660182699655
TFP2,5.458127869787658,2.1074557981112743,2.7659696759457932,119.0715573556785,119.0715573556785,0.09034660182699655
TFP3,5.458127869787658,1.9394328549497626,2.3640010592207723,114.23005934937217,114.23005934937217,0.07098661572121157
TFP4,5.458127869787658,1.9355738323942928,2.3547689512160828,114.1581388496458,146.0682809093358,0.07098661572121157
TFP5,6.650512928478011,1.7360638027639443,1.6668757478779666,102.25188808052805,124.58988134099798,0.07944445853958329
TFP6,6.650512928478011,1.8739615436895414,1.8890828004040188,105.87909821489097,129.00949342564957,0.09533335024749995
