Variable,x,unit
S_fibra,1143.5689893426716,MPa
S_matrix,620.9455691596439,MPa
