Variable,x,unit
S_fibra,561.4168563675973,MPa
S_matrix,773.7608390537761,MPa
