Name,Et [GPa],Eb [GPa],St [MPa],Sb [MPa]
TFP1,9.178762929251137,13.818302672118445,111.04446503989634,167.1735112685771
TFP2,6.852442076954903,9.260485391126032,82.90068830815903,139.43568643837844
TFP3,6.509369052544478,8.588323527573664,78.75019866604522,129.31490476402521
TFP4,6.503316094331817,8.576464339054782,72.19544010613187,95.21013718713041
TFP5,6.816613070539419,7.8039946074245945,75.67345236220876,86.63469791357055
TFP6,7.103337655601661,8.196376496418,78.85647580864074,90.9906576662027
