Name,Et [GPa],Eb [GPa],St [MPa],Sb [MPa]
TFP1,9.178762929251137,13.818302672118445,111.04446503922888,167.17351126757228
TFP2,6.852442076954903,9.260485391126032,82.90068830766074,139.43568643754037
TFP3,6.509369052544478,8.588323527573664,78.7501986655719,129.314904763248
TFP4,6.503316094331817,8.576464339054782,72.19544010569794,95.21013718655814
TFP5,6.816613070539419,7.8039946074245945,75.67345236175392,86.63469791304982
TFP6,7.103337655601661,8.196376496418,78.85647580816676,90.9906576656558
