Eb [GPa],Eb pred [GPa],Et [GPa],Et pred [GPa],Name
13.201050433333334,13.263153133081799,2.885509223333333,10.0865698193352,TFP1
9.869500666333332,9.496778470432572,2.258502544,7.530164454773439,TFP2
9.222003430000001,8.894029892561576,2.0004365616666666,7.153167056130453,TFP3
10.181815286333332,8.8838503736805,2.4513617530000005,7.146506350847211,TFP4
6.14310539,7.733322062340573,1.6265822796666667,7.490794053327756,TFP5
7.798059885666667,8.044164176553611,1.7398699316666668,7.805871479810057,TFP6
