vfrac,E
0.026449779950167705,9796.17268814879
0.036001817934339604,11920.992981588024
0.04702266254521787,14362.51268338837
0.059514402335255914,17122.25781935455
0.07347400949220245,20204.161734782127
