Eb [GPa],Eb pred [GPa],Et [GPa],Et pred [GPa],Name
13.201050433333334,12.637774350918473,2.885509223333333,9.726738658943678,TFP1
9.869500666333332,7.468967244911776,2.258502544,6.252861104445436,TFP2
9.222003430000001,6.589094940053898,2.0004365616666666,5.737970711212345,TFP3
10.181815286333332,7.676106271154857,2.4513617530000005,6.377511371993966,TFP4
6.14310539,5.685049647019598,1.6265822796666667,5.8380076225597675,TFP5
7.798059885666667,6.156404912345198,1.7398699316666668,6.268330609670328,TFP6
