Eb [GPa],Eb pred [GPa],Et [GPa],Et pred [GPa],Name
13.201050433333334,12.638059911383804,2.885509223333333,9.726767379955003,TFP1
9.869500666333332,7.469023415652995,2.258502544,6.252854052550525,TFP2
9.222003430000001,6.589787172140091,2.0004365616666666,5.737968965567789,TFP3
10.181815286333332,7.675801858669643,2.4513617530000005,6.377511059317056,TFP4
6.14310539,5.6842190980156415,1.6265822796666667,5.838006762012664,TFP5
7.798059885666667,6.154479861266921,1.7398699316666668,6.268337346988502,TFP6
