Eb [GPa],Eb pred [GPa],Et [GPa],Et pred [GPa],Name
13.201050433333334,12.638059911795072,2.885509223333333,9.726767379947596,TFP1
9.869500666333332,7.469023414691188,2.258502544,6.25285405255577,TFP2
9.222003430000001,6.589787172166448,2.0004365616666666,5.7379689655677515,TFP3
10.181815286333332,7.67580186197769,2.4513617530000005,6.377511059317599,TFP4
6.14310539,5.684219099263188,1.6265822796666667,5.838006762012941,TFP5
7.798059885666667,6.154479860945294,1.7398699316666668,6.2683373469857475,TFP6
