Eb [GPa],Eb pred [GPa],Et [GPa],Et pred [GPa],Name
13.201050433333334,12.637774350972084,2.885509223333333,8.85133036547383,TFP1
9.869500666333332,7.468967248738001,2.258502544,5.690104128648636,TFP2
9.222003430000001,6.5890949400025,2.0004365616666666,5.221553366294823,TFP3
10.181815286333332,7.676106271153765,2.4513617530000005,5.8035342113744015,TFP4
6.14310539,5.685049646292062,1.6265822796666667,5.3125886972663015,TFP5
7.798059885666667,6.156404912237965,1.7398699316666668,5.704178907626593,TFP6
