vfrac,E
0.02644788615115125,9715.278073912777
0.03599903744631317,11814.374995428245
0.04701960428420567,14228.282755452066
0.0595098079445442,16959.255910302763
0.07346638505961949,20010.742449676352
