Name,t [mm],Et [GPa],Eb [GPa],Vc
TFP1,4.7265224801104875,3.087119125836079,4.76872306102414,0.1734915914694403
TFP2,4.7265224801104875,2.0825660423702694,2.4554392385162584,0.1734915914694403
TFP3,4.7265224801104875,1.9439163450259969,2.136156855990938,0.13631482186884591
TFP4,4.7265224801104875,2.0031452135065444,2.2725490343005084,0.13631482186884591
TFP5,5.926522480110477,1.7602667057779935,1.594508830461304,0.1482461577128969
TFP6,5.926522480110477,1.8708426655516253,1.7564660568971018,0.1778953892554763
