vfrac,E
0.11052838227251288,2633.6146167049756
