vfrac,E
0.16128787531811728,25209.536217121884
