Name,t [mm],Et [GPa],Eb [GPa],St [MPa],Sb [MPa],Vc
TFP1,4.527913029567459,74.11518777404724,128.17329466650256,10973.10647568344,18976.666617947605,0.17346398493239876
TFP2,4.527913029567459,46.33248443712918,64.1460709850383,0.0012922432209271834,0.0017890757723560088,0.17346398493239876
TFP3,4.527913029567459,37.95026719593122,44.82865281516399,0.013820321686081058,0.016325218461851393,0.1362931310183133
TFP4,4.527913029567459,37.45921514496532,43.69698829983024,5546.015177541957,8662.740639794038,0.1362931310183133
TFP5,5.674269544351187,30.44619824428585,23.17488865950982,0.011087570258249451,0.010576277954972365,0.14830666083292376
TFP6,5.674269544351187,37.13498001019067,32.99041118602257,0.0010357188214793844,0.0011530769435741997,0.17796799299950852
