Name,Vc
TFP1,0.17948717611898016
TFP2,0.17948717611898016
TFP3,0.13055254706083477
TFP4,0.13055254706083477
TFP5,0.1432160304814273
TFP6,0.1841133328443379
