Name,Vc
TFP1,0.17371854580966845
TFP2,0.17371854580966845
TFP3,0.13293954835874192
TFP4,0.13293954835874192
TFP5,0.14961649867053042
TFP6,0.1836977008969791
