Name,Vc
TFP1,0.1809000978200911
TFP2,0.1646058706813776
TFP3,0.13123738211592784
TFP4,0.14019222922112023
TFP5,0.15125435767153012
TFP6,0.17914219891035865
