Name,t [mm],Et [GPa],Eb [GPa],St [MPa],Vc
TFP1,4.883324635126964,3.107087727756097,5.480736582394888,286.6180157050817,0.1704056130903034
TFP2,4.883324635126964,2.087145992849121,2.9574196037643268,129.70863635314714,0.1704056130903034
TFP3,4.883324635126964,1.9420632587807705,2.598487604365164,120.82238152372247,0.13389012457095265
TFP4,4.883324635126964,1.9420653388250402,2.598492750356196,179.14876004664424,0.13389012457095265
TFP5,5.79648310526631,1.7590226707757775,1.867403897984612,109.4348020212145,0.15381480581581783
TFP6,5.79648310526631,1.881249558449075,2.0820214536192494,116.91291155598113,0.18457776697898137
