Name,t [mm],Et [GPa],Eb [GPa],St [MPa],Vc
TFP1,4.932058794742771,3.2553925118019813,6.419356449149409,256.88057426443766,0.17229877423724094
TFP2,4.932058794742771,1.797989808561283,2.837813354984491,146.37908434530735,0.17229877423724094
TFP3,4.932058794742771,1.8610259706774446,2.9927236832059085,130.7389131356292,0.13537760832926074
TFP4,4.932058794742771,1.9331209417919477,3.169895885058565,183.43036527512385,0.13537760832926074
TFP5,5.88539064117811,1.8004940729445942,2.3732804861645422,106.30559521073643,0.15470286692147195
TFP6,5.88539064117811,1.7476686826337802,2.2821131581075824,112.76523382888831,0.18564344030576635
