vfrac,E
0.024441994636369174,7145.5797387162265
0.03326892654212452,9156.660921037652
0.04345309358454886,11476.993386838023
0.05499531862702869,14106.833932282689
0.06789596335776951,17046.313090553413
